구분,장번호,장명,절번호,절명,참조번호,조명,조,항,호,목,내용
조,1,총칙,,,제1조,목적,제1조,0,0,0,"이 규정은 「자본시장과 금융투자업에 관한 법률」(이하 “법”이라 한다) 제403조에 따라 시장감시, 이상거래의 심리, 회원에 대한 감리 및 연계감시와 그 결과에 따른 회원 및 그 임직원에 대한 징계, 불공정거래 예방 등을 위한 활동 등에 관하여 필요한 사항을 규정함을 목적으로 한다.<개정 2015. 7. 8.> [전문개정 2009. 1. 28.]"
항,1,총칙,,,제2조제①항,정의,제2조,①,0,0,① 이 규정에서 “이상거래”란 증권시장(다자간매매체결회사에서의 매매거래를 포함한다. 이하 같다) 또는 파생상품시장(이하 “시장”이라 한다)에서의 증권의 종목 또는 장내파생상품의 매매 품목(이하 “종목”이라 한다)의 가격이나 거래량에 뚜렷한 변동이 있는 거래 등 법 시행령 제355조의 이상거래를 말한다.<개정 2025. 2. 5.>
항,1,총칙,,,제2조제②항,정의,제2조,②,0,0,② 이 규정에서 “시장감시”란 시장에서의 증권 또는 장내파생상품의 매매(이하 “거래”라 한다)나 그 주문·호가의 상황 또는 이와 관련된 제보·공시·풍문·보도 등(이하 “풍문등”이라 한다)을 감시 및 분석하는 것을 말한다.
항,1,총칙,,,제2조제③항,정의,제2조,③,0,0,③ 이 규정에서 “심리”란 이상거래의 혐의가 있다고 인정되는 종목(이하 “이상거래혐의종목”이라 한다)의 거래나 그 주문 또는 호가 등이 법 제147조·제172조부터 제174조까지·제176조·제178조·제178조의2 및 제180조를 위반하는 등 불공정거래 행위에 해당하는지 여부를 확인하는 것을 말한다.
항,1,총칙,,,제2조제④항,정의,제2조,④,0,0,"④ 이 규정에서 “감리”란 회원(거래참가자를 포함한다. 이하 같다)이 한국거래소(이하 “거래소”라 한다)의 업무관련규정(거래참가자의 경우에는 이 규정 및 해당 다자간매매체결회사의 업무기준을 말한다. 이하 “업무관련규정”이라 한다)을 준수하는지 또는 법 제178조의2를 위반하는지를 확인하기 위하여 그와 관련된 회원의 업무·재산상황·장부·서류, 그 밖의 물건을 조사하는 것을 말한다.<개정 2015. 7. 8.,2025. 2. 5.>"
항,1,총칙,,,제2조제⑤항,정의,제2조,⑤,0,0,"⑤ 이 규정에서 “연계감시”란 연계거래와 관련한 시장감시, 심리 및 감리를 말한다."
항,1,총칙,,,제2조제⑥항,정의,제2조,⑥,0,0,⑥ 삭제<2025. 2. 5.>
항,1,총칙,,,제2조제⑦항,정의,제2조,⑦,0,0,⑦ 이 규정에서 “선물거래”란 「파생상품시장 업무규정」에서 정하는 기준과 방법에 따라 파생상품시장에서 이루어지는 법 제5조제1항제1호에 해당하는 파생상품의 거래를 말한다.
항,1,총칙,,,제2조제⑧항,정의,제2조,⑧,0,0,⑧ 이 규정에서 “옵션거래”란 「파생상품시장 업무규정」에서 정하는 기준과 방법에 따라 파생상품시장에서 이루어지는 법 제5조제1항제2호에 해당하는 파생상품의 거래를 말한다.
항,1,총칙,,,제2조제⑨항,정의,제2조,⑨,0,0,"⑨ 이 규정에서 “연계거래”란 시장에서 또는 시장과 다른 거래소시장 사이에서 가격 연동성이 있는 2개 이상으로서 증권의 종목 간, 장내파생상품의 종목 간 또는 증권의 종목과 장내파생상품의 종목간을 연계하는 거래를 말한다.<개정 2025. 2. 5.>"
항,1,총칙,,,제2조제⑩항,정의,제2조,⑩,0,0,"⑩ 이 규정에서 “시장감시요원”이란 시장감시, 심리, 감리, 연계감시 또는 불공정거래의 예방활동을 수행하는 거래소의 직원을 말한다."
항,1,총칙,,,제2조제⑪항,정의,제2조,⑪,0,0,⑪ 그 밖에 이 규정에서 사용하는 용어의 정의는 법 및 거래소의 업무관련규정에서 정하는 바에 따른다. [전문개정 2009. 1. 28.]
조,2,시장의 건전성 유지,1,공정거래질서 유지의무,제3조,회원의 금지행위,제3조,0,0,0,"회원 또는 그 임원·직원은 다음 각 호의 어느 하나에 해당하는 행위를 하여서는 아니된다.<개정 2006. 11. 24., 2009. 1. 28.>"
호,2,시장의 건전성 유지,1,공정거래질서 유지의무,제3조제1호,회원의 금지행위,제3조,0,1,0,위탁자의 주문정보를 이용하거나 당해 주문을 처리하기에 앞서 호가(주문을 포함한다. 이하 같다)하는 등 자기 또는 제3자의 이익을 위하여 거래를 하는 행위
호,2,시장의 건전성 유지,1,공정거래질서 유지의무,제3조제2호,회원의 금지행위,제3조,0,2,0,시장에서의 거래와 관련하여 정당한 사유없이 위탁자의 손실 또는 수수료를 보전하거나 손익을 이전시켜 주는 등 위탁자에게 직접 또는 간접으로 재산상의 이익을 제공하는 행위
호,2,시장의 건전성 유지,1,공정거래질서 유지의무,제3조제3호,회원의 금지행위,제3조,0,3,0,"특정 종목의 매수(매도)를 명시적 또는 묵시적으로 추천한 후 당해 종목을 매도(매수)하거나, 특정 종목을 매수(매도)한 후 당해 종목을 매수(매도) 종목으로 명시적 또는 묵시적으로 추천하여 이익을 얻거나 손실을 회피하는 행위"
호,2,시장의 건전성 유지,1,공정거래질서 유지의무,제3조제4호,회원의 금지행위,제3조,0,4,0,"투자수익률게임 등에서 관리종목, 투자주의종목, 투자경고종목, 투자위험종목 또는 발행·유통주식수가 적은 종목 등을 대상으로 과도한 투기적 거래를 유발하게 하는 행위"
호,2,시장의 건전성 유지,1,공정거래질서 유지의무,제3조제5호,회원의 금지행위,제3조,0,5,0,위탁자로부터 거래에 관한 위탁을 받지 아니하고 위탁자의 재산으로 거래를 하거나 그 거래에 대하여 추인을 요구하는 행위
호,2,시장의 건전성 유지,1,공정거래질서 유지의무,제3조제6호,회원의 금지행위,제3조,0,6,0,증권의 가치에 중대한 영향을 미치는 사정을 미리 알고 있으면서 이를 알리지 아니하고 위탁자에게 해당 증권의 매수를 권유한 후 자기 또는 제3자가 보유한 증권을 매도하거나 위탁자에게 해당 증권의 매도를 권유한 후 자기가 매수하거나 제3자에게 매수하도록 하는 행위
호,2,시장의 건전성 유지,1,공정거래질서 유지의무,제3조제7호,회원의 금지행위,제3조,0,7,0,자기 또는 제3자의 이익을 도모할 목적으로 업무상 알게 된 정보를 거래에 이용하는 행위
호,2,시장의 건전성 유지,1,공정거래질서 유지의무,제3조제8호,회원의 금지행위,제3조,0,8,0,연계거래와 관련된 제1호·제3호 및 제6호의 행위
호,2,시장의 건전성 유지,1,공정거래질서 유지의무,제3조제9호,회원의 금지행위,제3조,0,9,0,그 밖에 투자자보호나 시장의 건전성에 반하는 행위
항,2,시장의 건전성 유지,1,공정거래질서 유지의무,제4조제①항,공정거래질서 저해행위의 금지,제4조,①,0,0,"① 회원 또는 그 임원·직원은 다음 각 호의 어느 하나에 해당하는 행위를 하여서는 아니된다.<개정 2006. 11. 24., 2009. 1. 28.>"
호,2,시장의 건전성 유지,1,공정거래질서 유지의무,제4조제1호,공정거래질서 저해행위의 금지,제4조,①,1,0,시가·최고가·최저가 또는 종가 등 특정 시세의 형성에 관여하는 호가를 계속적으로 또는 순차적으로 제출하여 시세의 상승·하락 또는 고정·안정을 초래하는 행위
호,2,시장의 건전성 유지,1,공정거래질서 유지의무,제4조제2호,공정거래질서 저해행위의 금지,제4조,①,2,0,신규상장종목의 최초의 가격결정 등 단일가매매방법을 통한 가격결정에 집중적으로 관여하는 호가를 제출하는 행위
호,2,시장의 건전성 유지,1,공정거래질서 유지의무,제4조제3호,공정거래질서 저해행위의 금지,제4조,①,3,0,시세를 상승·하락 또는 고정·안정시킨 후 대량으로 거래를 하는 행위
호,2,시장의 건전성 유지,1,공정거래질서 유지의무,제4조제4호,공정거래질서 저해행위의 금지,제4조,①,4,0,특정 종목의 시장수급상황에 비추어 과도하게 거래하여 시세 등에 부당한 영향을 주거나 오해를 유발하게 할 우려가 있는 호가를 제출하거나 거래를 하는 행위
호,2,시장의 건전성 유지,1,공정거래질서 유지의무,제4조제5호,공정거래질서 저해행위의 금지,제4조,①,5,0,거래 성립 가능성이 희박한 호가를 대량으로 제출하거나 직전가격 또는 최우선호가의 가격이나 이와 유사한 가격으로 호가를 제출한 후 당해 호가를 반복적으로 정정·취소하여 시세 등에 부당한 영향을 미치거나 미칠 우려가 있는 행위
호,2,시장의 건전성 유지,1,공정거래질서 유지의무,제4조제6호,공정거래질서 저해행위의 금지,제4조,①,6,0,동일 가격의 호가를 일정 시간에 분할하여 제출함으로써 수량배분 또는 시세 등에 부당한 영향을 미치거나 미칠 우려가 있는 행위
호,2,시장의 건전성 유지,1,공정거래질서 유지의무,제4조제7호,공정거래질서 저해행위의 금지,제4조,①,7,0,"장종료시의 가격을 당일의 최고가, 최저가 또는 이에 근접한 가격으로 형성시키기 위하여 호가를 제출하는 행위"
호,2,시장의 건전성 유지,1,공정거래질서 유지의무,제4조제8호,공정거래질서 저해행위의 금지,제4조,①,8,0,"당일중 또는 일정기간동안 계속하여 높은 가격으로 매수한 후 낮은 가격으로 매도하는 행위, 낮은 가격으로 매도한 후 높은 가격으로 매수하는 행위 또는 동일 가격으로 거래를 반복하는 행위"
호,2,시장의 건전성 유지,1,공정거래질서 유지의무,제4조제9호,공정거래질서 저해행위의 금지,제4조,①,9,0,취득 또는 처분의 의사 없이 통정하여 거래를 하거나 권리의 이전을 목적으로 하지 아니하는 가장된 거래를 하는 행위
호,2,시장의 건전성 유지,1,공정거래질서 유지의무,제4조제10호,공정거래질서 저해행위의 금지,제4조,①,10,0,특정 종목의 시세등을 변동시키기 위하여 당해 종목에 관한 풍문등을 유포하는 행위
호,2,시장의 건전성 유지,1,공정거래질서 유지의무,제4조제11호,공정거래질서 저해행위의 금지,제4조,①,11,0,예상체결가격 또는 예상체결수량의 형성에 관여하는 호가를 제출하여 시세 등에 부당한 영향을 미치거나 미칠 우려가 있는 행위
호,2,시장의 건전성 유지,1,공정거래질서 유지의무,제4조제12호,공정거래질서 저해행위의 금지,제4조,①,12,0,그 밖에 시장의 공정거래질서를 저해하거나 공신력을 실추시키는 행위
항,2,시장의 건전성 유지,1,공정거래질서 유지의무,제4조제②항,공정거래질서 저해행위의 금지,제4조,②,0,0,"② 회원 또는 그 임원·직원은 연계거래와 관련하여 다음 각 호의 어느 하나에 해당하는 행위를 하여서는 아니 된다.<개정 2006. 11. 24., 2009. 1. 28.>"
호,2,시장의 건전성 유지,1,공정거래질서 유지의무,제4조제1호,공정거래질서 저해행위의 금지,제4조,②,1,0,증권 또는 장내파생상품의 종목 중 어느 일방의 종목을 보유하고 있는 자가 이익을 얻거나 손실을 회피할 목적으로 다른 종목에서 통정하여 거래를 하거나 가장된 거래를 하는 행위
호,2,시장의 건전성 유지,1,공정거래질서 유지의무,제4조제2호,공정거래질서 저해행위의 금지,제4조,②,2,0,증권 또는 장내파생상품의 종목 중 어느 일방의 종목을 보유하고 있는 자가 당해 종목의 거래상황에 관하여 타인을 유인하기 위하여 다른 종목을 거래하여 그 가격을 변동시키거나 그 다른 종목에 관한 풍문 등을 유포하는 행위
호,2,시장의 건전성 유지,1,공정거래질서 유지의무,제4조제3호,공정거래질서 저해행위의 금지,제4조,②,3,0,증권 또는 장내파생상품의 종목 중 어느 일방의 종목을 보유하고 있는 자가 자기 또는 제3자로 하여금 이익을 얻거나 손실을 회피할 목적으로 당해 종목과 다른 종목간의 가격 차이를 인위적으로 변동 또는 고정시키는 행위
호,2,시장의 건전성 유지,1,공정거래질서 유지의무,제4조제4호,공정거래질서 저해행위의 금지,제4조,②,4,0,특정 증권의 종목을 투자유망종목으로 추천한 후 이익을 얻거나 손실을 회피할 목적으로 이를 이용하여 장내파생상품의 종목을 거래하거나 장내파생상품의 종목의 미결제약정을 보유한 후 이를 이용하여 당해 미결제약정에 이익을 얻거나 손실을 회피할 목적으로 관련 증권의 종목의 매도 또는 매수를 추천하는 행위
호,2,시장의 건전성 유지,1,공정거래질서 유지의무,제4조제5호,공정거래질서 저해행위의 금지,제4조,②,5,0,"증권 또는 장내파생상품의 종목의 가격을 변동 또는 고정시켜 선물거래의 결제, 옵션거래의 권리행사(최종거래일 이전에 미결제약정을 소멸시키는 매도 또는 매수를 포함한다) 또는 증권의 종목의 가격에 영향을 미치는 행위"
호,2,시장의 건전성 유지,1,공정거래질서 유지의무,제4조제6호,공정거래질서 저해행위의 금지,제4조,②,6,0,증권 또는 장내파생상품의 종목의 가격을 변동 또는 고정시켜 옵션거래의 권리행사의 배정을 유리하게 하거나 방해하는 행위
호,2,시장의 건전성 유지,1,공정거래질서 유지의무,제4조제7호,공정거래질서 저해행위의 금지,제4조,②,7,0,증권 또는 장내파생상품의 종목의 가격을 변동 또는 고정시켜 선물거래 또는 옵션거래의 증거금(「파생상품시장 업무규정」에서 정하는 위탁증거금을 포함한다)이 유리하게 산출되도록 하는 행위
호,2,시장의 건전성 유지,1,공정거래질서 유지의무,제4조제8호,공정거래질서 저해행위의 금지,제4조,②,8,0,장내파생상품의 종목 미결제약정을 대량으로 보유한 후 당해 미결제약정에서 이익을 얻거나 손실을 회피할 목적으로 증권의 종목에 대하여 매매체결 가능성이 희박한 호가를 대량으로 제출하거나 직전의 가격 또는 최우선호가의 가격이나 이와 유사한 가격으로 호가를 대량으로 제출하여 시세 등에 부당한 영향을 미치거나 미칠 우려가 있는 행위
호,2,시장의 건전성 유지,1,공정거래질서 유지의무,제4조제9호,공정거래질서 저해행위의 금지,제4조,②,9,0,증권의 종목 예상체결가격 또는 예상체결수량의 형성에 관여하는 호가를 제출하여 선물거래 또는 옵션거래에서 부당한 이익을 얻는 행위
호,2,시장의 건전성 유지,1,공정거래질서 유지의무,제4조제10호,공정거래질서 저해행위의 금지,제4조,②,10,0,제1호 내지 제9호외에 연계거래와 관련하여 시장의 공정거래를 저해하거나 공신력을 실추시키는 행위
항,2,시장의 건전성 유지,1,공정거래질서 유지의무,제4조제③항,공정거래질서 저해행위의 금지,제4조,③,0,0,③ 회원 또는 그 임원·직원은 제1항 각 호의 어느 하나 또는 제2항 각 호의 어느 하나에 해당하는 행위를 위탁자에게 권유하거나 그 거래의 위탁을 받아서는 아니된다.<개정 2009. 1. 28.>
항,2,시장의 건전성 유지,2,불공정거래의 예방활동,제5조제①항,위원회의 예방활동,제5조,①,0,0,"① 시장감시위원회(이하 “위원회”라 한다)는 공정거래질서의 유지 및 투자자 보호를 위하여 회원, 주권상장법인 또는 전문투자자 등에게 불공정거래의 예방활동을 할 수 있다.<개정 2009. 1. 28.>"
항,2,시장의 건전성 유지,2,불공정거래의 예방활동,제5조제②항,위원회의 예방활동,제5조,②,0,0,"② 위원회는 불공정거래의 예방을 위하여 필요하다고 인정하는 경우에는 관련 회원에게 서면(「정보통신망 이용촉진 및 정보보호 등에 관한 법률」에 따른 정보통신망을 이용한 전자문서를 포함한다. 이하 같다) 또는 전화 등에 의하여 예방조치를 요구(이하 “예방조치요구”라 한다)할 수 있다.<개정 2006. 11. 24., 2009. 1. 28.>"
항,2,시장의 건전성 유지,2,불공정거래의 예방활동,제5조제③항,위원회의 예방활동,제5조,③,0,0,③ 삭제<2012. 3. 7.>
항,2,시장의 건전성 유지,2,불공정거래의 예방활동,제5조제④항,위원회의 예방활동,제5조,④,0,0,"④ 위원회는 제1항 및 제2항에 따른 예방조치요구 등 불공정거래의 예방활동에 관하여 필요한 사항을 「시장감시규정 시행세칙」(이하 “세칙”이라 한다)으로 정한다.<개정 2006. 11. 24., 2007. 7. 20., 2009. 1. 28., 2012. 3. 7.>"
항,2,시장의 건전성 유지,2,불공정거래의 예방활동,제5조의2제①항,투자주의종목의 지정·공표 등,제5조의2,①,0,0,"① 위원회는 불공정거래의 예방과 투자자 보호를 위하여 주권, 그 밖에 세칙으로 정하는 증권으로서 다음 각 호의 어느 하나에 해당하는 종목을 투자주의종목으로 지정하여 공표할 수 있다."
호,2,시장의 건전성 유지,2,불공정거래의 예방활동,제5조의2제1호,투자주의종목의 지정·공표 등,제5조의2,①,1,0,소수지점거래집중종목
호,2,시장의 건전성 유지,2,불공정거래의 예방활동,제5조의2제2호,투자주의종목의 지정·공표 등,제5조의2,①,2,0,소수계좌거래집중종목
호,2,시장의 건전성 유지,2,불공정거래의 예방활동,제5조의2제3호,투자주의종목의 지정·공표 등,제5조의2,①,3,0,그 밖에 투자자의 주의환기가 필요한 종목으로서 세칙으로 정하는 종목
항,2,시장의 건전성 유지,2,불공정거래의 예방활동,제5조의2제②항,투자주의종목의 지정·공표 등,제5조의2,②,0,0,② 위원회는 제1항에 따른 투자주의종목의 지정·공표 등에 관하여 필요한 사항을 세칙으로 정한다 [본조신설 2012. 3. 7.]
항,2,시장의 건전성 유지,2,불공정거래의 예방활동,제5조의3제①항,투자경고종목 및 투자위험종목의 지정·공표 등,제5조의3,①,0,0,"① 위원회는 불공정거래의 예방과 투자자 보호를 위하여 주권, 그 밖에 세칙으로 정하는 증권의 가격(이하 이 조에서 “주가”라 한다)이 일정기간 급등하는 종목을 투자경고종목으로 지정하여 공표할 수 있다.<개정 2009. 1. 28.>"
항,2,시장의 건전성 유지,2,불공정거래의 예방활동,제5조의3제②항,투자경고종목 및 투자위험종목의 지정·공표 등,제5조의3,②,0,0,② 위원회는 투자경고종목으로 지정되거나 그 지정이 해제된 후에도 일정기간 이내에 주가가 급등하는 경우에는 해당 종목을 투자위험종목으로 지정하여 공표할 수 있다.
항,2,시장의 건전성 유지,2,불공정거래의 예방활동,제5조의3제③항,투자경고종목 및 투자위험종목의 지정·공표 등,제5조의3,③,0,0,③ 위원회는 다음 각 호의 어느 하나에 해당하는 경우에는 일정기간 해당 종목의 매매거래정지를 해당 시장에 요청할 수 있다.<개정 2012. 3. 7.>
호,2,시장의 건전성 유지,2,불공정거래의 예방활동,제5조의3제1호,투자경고종목 및 투자위험종목의 지정·공표 등,제5조의3,③,1,0,투자경고종목으로 지정된 후에도 주가가 급등하는 경우
호,2,시장의 건전성 유지,2,불공정거래의 예방활동,제5조의3제2호,투자경고종목 및 투자위험종목의 지정·공표 등,제5조의3,③,2,0,투자위험종목으로 지정된 경우
호,2,시장의 건전성 유지,2,불공정거래의 예방활동,제5조의3제3호,투자경고종목 및 투자위험종목의 지정·공표 등,제5조의3,③,3,0,투자위험종목으로 지정된 후에도 주가가 급등하는 경우
항,2,시장의 건전성 유지,2,불공정거래의 예방활동,제5조의3제④항,투자경고종목 및 투자위험종목의 지정·공표 등,제5조의3,④,0,0,④ 위원회는 제1항 내지 제3항의 규정에 불구하고 투자경고종목·투자위험종목의 지정이나 매매거래정지가 현저하게 부적절하다고 인정되는 경우에는 그 지정이나 매매거래정지의 요청을 하지 아니할 수 있다.
항,2,시장의 건전성 유지,2,불공정거래의 예방활동,제5조의3제⑤항,투자경고종목 및 투자위험종목의 지정·공표 등,제5조의3,⑤,0,0,⑤ 투자경고종목 및 투자위험종목의 지정·지정예고·지정예외·지정해제 및 매매거래정지 요청 등에 관하여 필요한 사항은 세칙으로 정한다. [본조신설 2007. 7. 20.]
항,2,시장의 건전성 유지,2,불공정거래의 예방활동,제6조제①항,회원의 예방활동,제6조,①,0,0,① 회원은 불공정거래의 예방을 위하여 주문·호가 및 체결내역 등을 감시·분석할 수 있는 자체 전산시스템(이하 “모니터링시스템”이라 한다)을 운영하여야 한다. 이 경우 회원은 위원회가 제시하는 모니터링시스템의 감시항목 및 운영기준을 준수하여야 한다.
항,2,시장의 건전성 유지,2,불공정거래의 예방활동,제6조제②항,회원의 예방활동,제6조,②,0,0,"② 회원은 모니터링시스템에 의한 분기별 적출·조치결과 등의 내용을 매분기가 종료된 달의 다음달 10일(당일이 「관공서의 공휴일에 관한 규정」에 따른 공휴일 또는 토요일인 경우에는 그 다음 거래일로 순연한다. 이하 같다)까지 위원회에 통보하여야 한다.<개정 2006. 11. 24., 2009. 1. 28.>"
항,2,시장의 건전성 유지,2,불공정거래의 예방활동,제6조제③항,회원의 예방활동,제6조,③,0,0,"③ 위원회는 회원에 대하여 모니터링시스템의 운영 등 회원의 자체감시활동에 필요한 사항을 권고할 수 있으며, 이 경우 회원은 특별한 사유가 없는 한 이를 내부통제기준에 반영하여야 한다."
항,2,시장의 건전성 유지,2,불공정거래의 예방활동,제6조제④항,회원의 예방활동,제6조,④,0,0,④ 위원회는 회원의 모니터링시스템의 운영에 필요한 기술적 지원 또는 자문을 할 수 있다.
항,2,시장의 건전성 유지,2,불공정거래의 예방활동,제6조제⑤항,회원의 예방활동,제6조,⑤,0,0,"⑤ 회원은 제1항에 따른 모니터링시스템의 운영 등 불공정거래 예방활동의 결과, 제4조제3항, 「유가증권시장 업무규정」 제84조제1항 ·제2항, 「코스닥시장 업무규정」 제40조제1항·제3항, 「코넥스시장 업무규정」 제59조제1항·제3항, 「파생상품시장 업무규정」 제124조제3항 및 다자간매매체결회사의 업무기준에 따라 거래의 수탁을 거부한 경우(불공정거래행위에 해당하거나 해당할 가능성이 있는 경우, 공익과 투자자보호 또는 시장에서의 거래질서의 안정을 위해 필요한 경우 및 공매도 관련 규정을 위반한 경우에 해당하여 수탁을 거부한 경우로 한정한다)에는 이를 다른 회원에게 통지하여야 한다.<신설 2008. 9. 12., 2009. 1. 28., 2013. 9. 13.,개정 2025. 2. 5.>"
항,2,시장의 건전성 유지,2,불공정거래의 예방활동,제6조제⑥항,회원의 예방활동,제6조,⑥,0,0,⑥ 제1항 내지 제4항의 규정에 의한 회원의 모니터링시스템의 운영 및 통보 그 밖에 회원의 자체감시활동에 관하여 필요한 사항은 세칙으로 정한다.
항,2,시장의 건전성 유지,2,불공정거래의 예방활동,제7조제①항,불공정거래의 예방을 위한 회원의 보고,제7조,①,0,0,"① 회원은 주권상장법인의 임직원 또는 주요주주(법 제9조제1항제2호의 주요주주를 말한다)가 그 상장법인이 발행한 주권 그 밖에 세칙으로 정하는 종목의 거래를 위탁한 것을 알게 된 때에는 그 내용을 지체없이 위원회에 보고하여야 한다.<개정 2006. 11. 24., 2009. 1. 28.>"
항,2,시장의 건전성 유지,2,불공정거래의 예방활동,제7조제②항,불공정거래의 예방을 위한 회원의 보고,제7조,②,0,0,② 회원은 공정거래질서를 저해할 우려가 있다고 인정되는 풍문등을 알게 되거나 이상거래의 징후나 현상을 발견한 때에는 지체없이 그 내용을 위원회에 보고하여야 한다.
항,2,시장의 건전성 유지,2,불공정거래의 예방활동,제7조제③항,불공정거래의 예방을 위한 회원의 보고,제7조,③,0,0,"③ 회원은 법 제426조의3제3항에 따른 거래제한대상자로부터 시장에서의 거래와 관련하여 계좌 개설, 매매, 대여, 차입 및 그 밖의 거래의 요청을 받은 경우에는 해당 요청 사실 및 그 거부 또는 처리결과를 지체없이 위원회에 보고하여야 한다.<2009. 1. 28.,개정 2025. 4. 11.>"
항,2,시장의 건전성 유지,2,불공정거래의 예방활동,제7조제④항,불공정거래의 예방을 위한 회원의 보고,제7조,④,0,0,④ 회원은 공정거래질서 및 투자자보호와 관련된 위탁자의 민원 또는 위탁자와의 분쟁이 있는 경우에는 그 민원 또는 분쟁이 접수된 날이 속하는 분기가 종료된 달의 다음달 10일까지 위원회에 보고하여야 한다.<개정 2006. 11. 24.>
항,2,시장의 건전성 유지,2,불공정거래의 예방활동,제7조제⑤항,불공정거래의 예방을 위한 회원의 보고,제7조,⑤,0,0,⑤ 제1항부터 제4항까지에 따른 보고 그 밖에 필요한 사항은 세칙으로 정한다.<개정 2025. 4. 11.>
항,3,이상거래의 심리 및 회원의 감리,1,통칙,제8조제①항,시장감시요원의 준수사항<개정 2006. 11. 24.>,제8조,①,0,0,① 시장감시요원은 관계법규와 위원회의 지시에 따라 사실과 증거에 의하여 엄정하게 심리·감리 또는 연계심리·연계감리(이하 ”심리 또는 감리“라 한다)에 관한 직무를 수행하여야 한다.<개정 2006. 11. 24.>
항,3,이상거래의 심리 및 회원의 감리,1,통칙,제8조제②항,시장감시요원의 준수사항<개정 2006. 11. 24.>,제8조,②,0,0,② 시장감시요원은 직무상 지득한 비밀을 타인에게 제공 또는 누설하거나 그 목적외에 사용하여서는 아니된다.<개정 2006. 11. 24.>
항,3,이상거래의 심리 및 회원의 감리,1,통칙,제9조제①항,심리 또는 감리의 회피,제9조,①,0,0,"① 시장감시요원은 다음 각 호의 어느 하나의 경우에 회피신청서에 소정의 사항을 기재하여 위원회에 제출하고 그 승인을 얻어 심리 또는 감리를 회피하여야 한다.<개정 2006. 11. 24., 2009. 1. 28.>"
호,3,이상거래의 심리 및 회원의 감리,1,통칙,제9조제1호,심리 또는 감리의 회피,제9조,①,1,0,심리 또는 감리의 내용이 자기와 직접적인 이해관계가 있는 경우
호,3,이상거래의 심리 및 회원의 감리,1,통칙,제9조제2호,심리 또는 감리의 회피,제9조,①,2,0,"심리 또는 감리의 내용과 관련된 회원의 임원·직원 또는 위탁자와 배우자, 4촌 이내의 혈족 또는 2촌 이내의 인척관계가 있어 업무수행의 공정성을 잃을 염려가 있는 경우"
항,3,이상거래의 심리 및 회원의 감리,1,통칙,제9조제②항,심리 또는 감리의 회피,제9조,②,0,0,② 제1항의 규정에 의한 회피신청서에 관한 사항은 세칙으로 정한다.
항,3,이상거래의 심리 및 회원의 감리,1,통칙,제10조제①항,제보에 대한 포상,제10조,①,0,0,① 위원회는 불공정거래와 관련된 제보를 한 자에 대하여 포상금을 지급할 수 있다.<개정 2006. 11. 24.>
항,3,이상거래의 심리 및 회원의 감리,1,통칙,제10조제②항,제보에 대한 포상,제10조,②,0,0,② 위원회는 제보자의 서면상의 동의가 있는 경우가 아니면 제보자의 인적사항 등 제보자에 관한 정보를 타인에게 제공하거나 누설하여서는 아니된다.
항,3,이상거래의 심리 및 회원의 감리,1,통칙,제10조제③항,제보에 대한 포상,제10조,③,0,0,③ 제1항의 규정에 의한 불공정거래 신고의 처리 및 포상금의 지급기준 등은 세칙으로 정한다.<개정 2006. 11. 24.>
항,3,이상거래의 심리 및 회원의 감리,1,통칙,제10조의2제①항,다자간매매체결회사에 대한 정보제공 요구,제10조의2,①,0,0,"① 위원회는 시장감시, 심리 및 감리를 위하여 다자간매매체결회사에 관련 정보의 제공을 요구할 수 있다."
항,3,이상거래의 심리 및 회원의 감리,1,통칙,제10조의2제②항,다자간매매체결회사에 대한 정보제공 요구,제10조의2,②,0,0,② 제1항에 따라 정보의 제공을 요구하는 방법 등 그 밖에 필요한 사항은 세칙으로 정한다. [신설 2025. 3. 4.]
항,3,이상거래의 심리 및 회원의 감리,2,시장감시,제11조제①항,시장감시,제11조,①,0,0,"① 위원회는 심리의 수행을 위하여 이상거래혐의종목을 선정하고, 감리의 수행을 위하여 업무관련규정 또는 법 제178조의2를 위반할 우려가 있는 거래를 선정하며, 불공정거래의 예방 등을 위하여 이상거래의 염려가 있는 경우 공시, 풍문, 보도 등을 고려하여 집중적인 감시가 필요한 종목(이하 “이상급등종목”이라 한다)을 선정하는 등 시장감시를 한다.<개정 2009. 1. 28., 2015. 7. 8., 2017. 2. 8.,2025. 2. 5.>"
항,3,이상거래의 심리 및 회원의 감리,2,시장감시,제11조제②항,시장감시,제11조,②,0,0,"② 제1항에 따른 이상거래혐의종목은 증권 또는 장내파생상품의 종목의 거래양태, 가격변동, 거래량규모, 시세·거래관여도 및 풍문등의 내용 등을 고려하여 위원회가 정하는 기준에 따라 선정한다.<개정 2006. 11. 24., 2009. 1. 28.>"
항,3,이상거래의 심리 및 회원의 감리,2,시장감시,제11조제③항,시장감시,제11조,③,0,0,③ 회원은 위원회에 법 제402조제1항제1호에 따른 시장감시에 필요한 다음 각 호의 자료(이하 이 조에서 “시장감시자료”라 한다)를 제출하여야 한다.<신설 2025. 10. 28.>
호,3,이상거래의 심리 및 회원의 감리,2,시장감시,제11조제1호,시장감시,제11조,③,1,0,계좌식별번호<신설 2025. 10. 28.>
호,3,이상거래의 심리 및 회원의 감리,2,시장감시,제11조제2호,시장감시,제11조,③,2,0,"주민등록번호, 사업자등록번호, 납세번호, 외국인 식별수단의 번호(여권번호, 사업자등록번호 또는 납세번호) 등 실지명의를 확인할 수 있는 정보를 가명처리(해당 정보의 일부 또는 전부를 대체하는 등의 방법으로 추가 정보가 없이는 정보주체를 알아볼 수 없도록 처리한 것을 말한다)한 것<신설 2025. 10. 28.>"
항,3,이상거래의 심리 및 회원의 감리,2,시장감시,제11조제④항,시장감시,제11조,④,0,0,"④ 제1항 및 제3항에 따른 시장감시의 구분, 시장감시자료의 제출방법 그 밖에 시장감시에 관하여 필요한 사항은 세칙으로 정한다.<개정 2025. 10. 28.>"
조,3,이상거래의 심리 및 회원의 감리,2,시장감시,제12조,시장감시와 관련한 조치,제12조,0,0,0,"위원회는 시장감시의 과정에서 거래상황의 급변 또는 풍문등과 관련하여 투자자보호를 위하여 필요하다고 인정하는 경우에는 해당 시장에 대하여 다음 각 호의 어느 하나에 해당하는 조치를 요구할 수 있다.<개정 2006. 11. 24., 2009. 1. 28., 2017. 2. 8.>"
호,3,이상거래의 심리 및 회원의 감리,2,시장감시,제12조제1호,시장감시와 관련한 조치,제12조,0,1,0,거래상황 급변과 관련한 공시사항의 유무 또는 풍문등의 사실여부에 대한 조회
호,3,이상거래의 심리 및 회원의 감리,2,시장감시,제12조제2호,시장감시와 관련한 조치,제12조,0,2,0,증권의 매매거래정지 또는 장내파생상품의 거래정지
호,3,이상거래의 심리 및 회원의 감리,2,시장감시,제12조제3호,시장감시와 관련한 조치,제12조,0,3,0,증권의 매매계약체결방법의 변경
항,3,이상거래의 심리 및 회원의 감리,3,이상거래의 심리,제13조제①항,심리의 실시,제13조,①,0,0,"① 위원회는 다음 각 호의 구분에 따라 심리(법 시행령 제201조제2항 각 호의 어느 하나에 해당하지 아니하는 방법으로 공개된 정보를 이용하여 법 제174조를 위반한 혐의도 그 대상에 포함한다. 이하 같다)를 실시한다.<개정 2006. 11. 24., 2009. 1. 28.,2025. 7. 23.>"
호,3,이상거래의 심리 및 회원의 감리,3,이상거래의 심리,제13조제1호,심리의 실시,제13조,①,1,0,일반심리 : 시장감시를 통하여 선정된 이상거래혐의종목에 대하여 실시하는 심리
호,3,이상거래의 심리 및 회원의 감리,3,이상거래의 심리,제13조제2호,심리의 실시,제13조,①,2,0,특별심리 : 보도·민원 등의 사유로 처리의 시급을 요하거나 위원회가 필요하다고 인정하는 사항 등에 대하여 실시하는 심리
항,3,이상거래의 심리 및 회원의 감리,3,이상거래의 심리,제13조제②항,심리의 실시,제13조,②,0,0,② 위원회는 필요하다고 인정하는 경우에는 관계기관과 공동으로 제1항의 규정에 의한 심리를 실시할 수 있다.<개정 2006. 11. 24.>
항,3,이상거래의 심리 및 회원의 감리,3,이상거래의 심리,제14조제①항,심리의 방법,제14조,①,0,0,"① 위원회는 심리를 위하여 필요한 경우(「금융실명거래 및 비밀보장에 관한 법률」 제4조제1항제7호나목의 규정에 의한 금융거래정보등의 제공을 요구하는 경우를 포함한다. 이하 같다)에는 회원에 대하여 이상거래 등과 관련된 보고, 자료의 제출 또는 관계자의 출석·진술(이하 “자료제출등”이라 한다)을 요청할 수 있다.<개정 2006. 11. 24., 2009. 1. 28.>"
항,3,이상거래의 심리 및 회원의 감리,3,이상거래의 심리,제14조제②항,심리의 방법,제14조,②,0,0,"② 위원회가 제1항의 규정에 의하여 회원에게 자료제출등을 요청하는 경우에는 그 사유, 자료의 종류·제출기한 및 출석일시 등을 기재한 서면으로 하여야 한다. 다만, 신속한 자료의 징구 등을 위하여 필요하다고 인정하는 경우에는 시장감시요원(심리를 담당하는 직원에 한한다. 이하 이 절에서 같다)이 회원의 본점·지점 그 밖의 영업소를 직접 방문(이하 “현지출장”이라 한다)하여 요청할 수 있다.<개정 2006. 11. 24.>"
항,3,이상거래의 심리 및 회원의 감리,3,이상거래의 심리,제14조제③항,심리의 방법,제14조,③,0,0,"③ 위원회는 법 제404조에 따라 심리를 위하여 필요한 경우에는 회원이 아닌 금융투자업자(증권 또는 장내파생상품을 대상으로 금융투자업을 영위하는 투자매매업자 또는 투자중개업자에 한한다)에게 그 사유, 자료의 종류 또는 제출기한 등을 기재한 서면으로 관련자료의 제출을 요청할 수 있다.<개정 2009. 1. 28.>"
항,3,이상거래의 심리 및 회원의 감리,3,이상거래의 심리,제14조제④항,심리의 방법,제14조,④,0,0,"④ 제1항 내지 제3항의 규정에 의한 심리자료의 종류, 자료제출등의 요청방법, 현지출장 그 밖에 심리에 관하여 필요한 사항은 세칙으로 정한다."
항,3,이상거래의 심리 및 회원의 감리,3,이상거래의 심리,제15조제①항,문답서의 작성등,제15조,①,0,0,① 시장감시요원은 심리를 수행하는 과정에서 회원 또는 그 임원·직원의 행위나 업무처리내용이 위법·위규 또는 부당한 것으로 인정되는 사항(이하 “지적사항”이라 한다)이 있는 경우에는 그 관계자로부터 확인서를 징구할 수 있다.<개정 2006. 11. 24.>
항,3,이상거래의 심리 및 회원의 감리,3,이상거래의 심리,제15조제②항,문답서의 작성등,제15조,②,0,0,"② 시장감시요원은 제1항의 규정에 의한 지적사항에 대하여 사실 확인이 필요한 경우에는 관계자로부터 직접 진술을 청취할 수 있으며, 이 경우 문답서를 작성하여야 한다. 다만 사실 확인의 내용이 단순하거나 진술인이 서면진술을 원할 때에는 이를 작성하여 제출하게 할 수 있다.<개정 2006. 11. 24.>"
항,3,이상거래의 심리 및 회원의 감리,3,이상거래의 심리,제15조제③항,문답서의 작성등,제15조,③,0,0,③ 시장감시요원은 제2항의 규정에 의하여 문답서를 작성하는 경우에는 진술의 임의성이 확보될 수 있도록 진술을 강요하는 일이 있어서는 아니된다. 다만 진술인이 서명·날인을 거부한 때에는 그 사유를 문답서에 기재하여야 한다.<개정 2006. 11. 24.>
항,3,이상거래의 심리 및 회원의 감리,3,이상거래의 심리,제15조제④항,문답서의 작성등,제15조,④,0,0,④ 제1항의 규정에 의한 지적사항에 대하여는 당해 회원의 장 또는 관계 임원·직원에게 질문서를 발부하여 소명의 기회를 주어야 한다. 다만 경미하다고 인정되는 일반사항으로서 이에 관한 확인서를 징구한 경우에는 질문서의 발부를 생략할 수 있다.
항,3,이상거래의 심리 및 회원의 감리,3,이상거래의 심리,제15조제⑤항,문답서의 작성등,제15조,⑤,0,0,⑤ 제1항 내지 제4항의 규정에 의한 확인서·문답서·질문서 그 밖에 필요한 사항은 세칙으로 정한다.
항,3,이상거래의 심리 및 회원의 감리,4,회원에 대한 감리,제16조제①항,감리의 실시,제16조,①,0,0,"① 위원회는 다음 각 호의 구분에 따라 감리를 실시한다.<개정 2006. 11. 24., 2009. 1. 28.>"
호,3,이상거래의 심리 및 회원의 감리,4,회원에 대한 감리,제16조제1호,감리의 실시,제16조,①,1,0,정기감리 : 위원회가 감리계획에 따라 정기적으로 실시하는 감리
호,3,이상거래의 심리 및 회원의 감리,4,회원에 대한 감리,제16조제2호,감리의 실시,제16조,①,2,0,수시감리 : 위원회가 필요하다고 인정하여 수시로 실시하는 감리
항,3,이상거래의 심리 및 회원의 감리,4,회원에 대한 감리,제16조제②항,감리의 실시,제16조,②,0,0,② 위원회는 필요하다고 인정하는 경우에는 관계기관과 공동으로 제1항의 규정에 의한 감리를 실시할 수 있다.<개정 2006. 11. 24.>
항,3,이상거래의 심리 및 회원의 감리,4,회원에 대한 감리,제16조제③항,감리의 실시,제16조,③,0,0,③ 제1항 및 제2항에 따른 감리의 실시와 관련하여 필요한 사항은 세칙으로 정한다.<신설 2009. 1. 28.>
항,3,이상거래의 심리 및 회원의 감리,4,회원에 대한 감리,제17조제①항,감리의 방법,제17조,①,0,0,① 감리는 시장감시요원(감리를 담당하는 직원에 한한다. 이하 이 조에서 같다)이 현지출장하여 조사하는 실지감리 또는 서면 그 밖의 수단으로 조사하는 서면감리의 방법으로 실시한다. 이 경우 위원회는 사전에 회원에게 서면으로 통지하여야 한다.<개정 2006. 11. 24.>
항,3,이상거래의 심리 및 회원의 감리,4,회원에 대한 감리,제17조제②항,감리의 방법,제17조,②,0,0,② 위원회는 제1항의 규정에 의한 감리를 위하여 필요하다고 인정하는 경우에는 회원에게 자료제출등을 요청하거나 회원이 자체적으로 조사를 실시하고 그 결과를 위원회에 통보하도록 요구할 수 있다
항,3,이상거래의 심리 및 회원의 감리,4,회원에 대한 감리,제17조제③항,감리의 방법,제17조,③,0,0,③ 제1항의 규정에 의하여 실지감리를 실시하는 경우에는 시장감시요원은 위원회가 발부한 감리명령서와 감리증표를 휴대하고 이를 관계자에게 제시하여야 한다.<개정 2006. 11. 24.>
항,3,이상거래의 심리 및 회원의 감리,4,회원에 대한 감리,제17조제④항,감리의 방법,제17조,④,0,0,"④ 제14조제2항 및 제4항의 규정은 서면감리의 경우에 준용하고, 제15조의 규정은 감리의 수행과 관련한 문답서의 작성 등에 관하여 준용한다. 이 경우 심리를 담당하는 직원은 각각 감리를 담당하는 직원으로 본다.<개정 2006. 11. 24.>"
항,3,이상거래의 심리 및 회원의 감리,4,회원에 대한 감리,제17조제⑤항,감리의 방법,제17조,⑤,0,0,⑤ 제1항 내지 제3항의 규정에 의한 감리의 방법 및 절차 그 밖에 감리에 관하여 필요한 사항은 세칙으로 정한다.
조,3,이상거래의 심리 및 회원의 감리,5,연계감시,제18조,연계감시의 구분,제18조,0,0,0,"연계감시는 연계시장감시, 연계심리 및 연계감리로 구분한다."
항,3,이상거래의 심리 및 회원의 감리,5,연계감시,제19조제①항,연계감시의 방법,제19조,①,0,0,"① 제2절 내지 제4절의 규정은 연계시장감시, 연계심리 및 연계감리의 방법 등의 경우에 각각 준용한다.<개정 2006. 11. 24.>"
항,3,이상거래의 심리 및 회원의 감리,5,연계감시,제19조제②항,연계감시의 방법,제19조,②,0,0,② 제1항외에 연계감시에 관하여 필요한 사항은 세칙으로 정한다.
항,3,이상거래의 심리 및 회원의 감리,6,공매도감시,제19조의2제①항,회원의 공매도 점검 등,제19조의2,①,0,0,① 회원은 다음 각 호의 어느 하나에 해당하는 거래(이하 이 조에서 '공매도위반 점검대상거래'라 한다)와 관련된 차입계약서 또는 증권보유잔고내역 등 관련자료를 해당 위탁자로부터 제출 받아 소유하지 아니한 증권 또는 결제일까지 결제가 가능하지 아니한 증권을 매도하였는지 여부를 확인하고 이를 기록·유지하여야 한다.
호,3,이상거래의 심리 및 회원의 감리,6,공매도감시,제19조의2제1호,회원의 공매도 점검 등,제19조의2,①,1,0,"유가증권시장 업무규정 제18조의2제1항, 코스닥시장 업무규정 제9조의4제1항, 코넥스시장 업무규정 제13조제1항 또는 다자간매매체결회사의 업무기준에 따른 공매도호가의 사후관리 대상인 거래<개정 2025. 2. 5.>"
호,3,이상거래의 심리 및 회원의 감리,6,공매도감시,제19조의2제2호,회원의 공매도 점검 등,제19조의2,①,2,0,매매거래시간 중에 먼저 매도한 후 당일 재매수하는 거래로서 세칙으로 정하는 공매도위반의 우려가 있는 거래
항,3,이상거래의 심리 및 회원의 감리,6,공매도감시,제19조의2제②항,회원의 공매도 점검 등,제19조의2,②,0,0,② 회원의 자기거래가 제1항의 공매도위반 점검대상거래에 해당하는 경우 회원은 해당 거래가 소유하지 아니한 증권 또는 결제일까지 결제가 가능하지 아니한 증권을 매도하였는지 여부를 확인하고 이를 기록·유지하여야 한다.
항,3,이상거래의 심리 및 회원의 감리,6,공매도감시,제19조의2제③항,회원의 공매도 점검 등,제19조의2,③,0,0,③ 제1항 및 제2항에도 불구하고 제19조의3제1항제2호에 해당하는 자의 공매도위반 점검대상거래에 대해서는 제1항 및 제2항을 적용하지 아니한다.<신설 2026. 1. 29.>
항,3,이상거래의 심리 및 회원의 감리,6,공매도감시,제19조의2제④항,회원의 공매도 점검 등,제19조의2,④,0,0,④ 회원은 제1항 및 제2항에 따른 점검결과를 위원회에 정기적으로 보고하여야 한다.
항,3,이상거래의 심리 및 회원의 감리,6,공매도감시,제19조의2제⑤항,회원의 공매도 점검 등,제19조의2,⑤,0,0,"⑤ 제1항 및 제2항에 따른 기록·유지 방법, 제4항에 따른 보고 주기·시한 및 보고방법 등 공매도 점검 등에 대하여 필요한 사항은 세칙으로 정한다.<개정 2026. 1. 29.> [본조신설 2021. 3. 8.]"
항,3,이상거래의 심리 및 회원의 감리,6,공매도감시,제19조의3제①항,위원회의 자료제출 요구,제19조의3,①,0,0,① 위원회는 다음 각 호의 어느 하나에 해당하는 자에게 해당 호에서 정하는 자료의 제출을 요구할 수 있다.<개정 2025. 3. 5.>
호,3,이상거래의 심리 및 회원의 감리,6,공매도감시,제19조의3제1호,위원회의 자료제출 요구,제19조의3,①,1,0,"다음 각 목의 어느 하나에 해당하는 자 : 차입계약서, 증권보유잔고내역 등 세칙으로 정하는 자료<개정 2025. 3. 5.>"
목,3,이상거래의 심리 및 회원의 감리,6,공매도감시,제19조의3제1호가목,위원회의 자료제출 요구,제19조의3,①,1,가,"가. 다음의 거래와 관련된 회원<신설 2025. 3. 5.> 1) 제19조의2제1항 각 호 또는 같은 조 제2항에 따라 회원이 공매도 점검을 한 거래<신설 2025. 3. 5.> 2) 먼저 매도한 후 차입하는 거래, 그 밖에 공매도 위반 여부 확인을 위해 위원회가 필요하다고 인정하는 거래<신설 2025. 3. 5.>"
목,3,이상거래의 심리 및 회원의 감리,6,공매도감시,제19조의3제1호나목,위원회의 자료제출 요구,제19조의3,①,1,나,나. 법 제180조의5제2항에 따른 대차거래정보의 보관의무를 지는 자<신설 2025. 3. 5.>
호,3,이상거래의 심리 및 회원의 감리,6,공매도감시,제19조의3제2호,위원회의 자료제출 요구,제19조의3,①,2,0,법 시행령 제208조의7제2항제1호라목에 따라 세칙으로 정하는 방법으로 종목별 잔고 정보 등을 거래소에 보고해야 하는 자 : 사실관계확인서 등 세칙으로 정하는 자료<개정 2025. 3. 5.>
항,3,이상거래의 심리 및 회원의 감리,6,공매도감시,제19조의3제②항,위원회의 자료제출 요구,제19조의3,②,0,0,② 제1항에 따른 자료제출의 기한 및 방법 등 자료 제출에 필요한 사항은 세칙으로 정한다.<개정 2025. 3. 5.> [본조신설 2021. 3. 8.]
항,4,심리 또는 감리 결과의 조치,6,공매도감시,제20조제①항,심리 또는 감리결과의 보고 및 처리,제20조,①,0,0,① 시장감시요원이 심리 또는 감리를 종료한 때에는 그 결과를 위원회에 서면으로 보고하여야 한다.<개정 2006. 11. 24.>
항,4,심리 또는 감리 결과의 조치,6,공매도감시,제20조제②항,심리 또는 감리결과의 보고 및 처리,제20조,②,0,0,"② 위원회는 심리 또는 감리의 결과 법에 위반한 혐의를 알게 된 경우에는 금융위원회에 통보하여야 한다. 이 경우 금융위원회에의 통보는 위원회의 징계등(제22조제1항의 규정에 의한 징계 또는 제22조제4항에 따른 조치요구와 제23조의 규정에 의한 징계요구를 말한다. 이하 같다)에 영향을 미치지 아니한다.<개정 2006. 11. 24., 2009. 1. 28.>"
항,4,심리 또는 감리 결과의 조치,6,공매도감시,제20조제③항,심리 또는 감리결과의 보고 및 처리,제20조,③,0,0,③ 위원회는 심리 또는 감리의 결과 이 규정 외의 업무관련규정을 위반한 사실을 알게 된 때에는 이를 해당 시장 또는 다자간매매체결회사에 통보한다.<개정 2025. 2. 5.>
조,4,심리 또는 감리 결과의 조치,6,공매도감시,제21조,회원 및 그 임원·직원의 징계등의 사유,제21조,0,0,0,"위원회는 심리 또는 감리의 결과 회원 또는 그 임원·직원이 다음 각 호의 어느 하나에 해당하는 경우에는 징계등을 할 수 있다. 다만, 거래참가자가 제5호에 해당하는 경우에는 법 제404조제3항에 따라 해당 다자간매매체결회사에 징계의 요구를 할 수 있다.<개정 2006. 11. 24., 2007. 10. 12., 2009. 1. 28., 2015. 7. 8.,2025. 2. 5.>"
호,4,심리 또는 감리 결과의 조치,6,공매도감시,제21조제1호,회원 및 그 임원·직원의 징계등의 사유,제21조,0,1,0,"제3조, 제4조, 제7조 및 제19조의2의 규정을 위반한 경우"
호,4,심리 또는 감리 결과의 조치,6,공매도감시,제21조제2호,회원 및 그 임원·직원의 징계등의 사유,제21조,0,2,0,법 제147조·제172조부터 제174조까지·제176조·제178조·제178조의2 및 제180조의 불공정거래 행위와 관련된 규정을 위반한 경우
호,4,심리 또는 감리 결과의 조치,6,공매도감시,제21조제2의2호,회원 및 그 임원·직원의 징계등의 사유,제21조,0,2의2,0,업무관련규정을 위반한 경우<개정 2025. 2. 5.>
호,4,심리 또는 감리 결과의 조치,6,공매도감시,제21조제3호,회원 및 그 임원·직원의 징계등의 사유,제21조,0,3,0,법 또는 이 규정에 의한 위원회의 조치를 위반한 경우
호,4,심리 또는 감리 결과의 조치,6,공매도감시,제21조제4호,회원 및 그 임원·직원의 징계등의 사유,제21조,0,4,0,법 또는 이 규정에 의하여 위원회에 제출하는 보고서·자료 등을 허위로 기재하거나 그 기재를 누락한 경우 또는 그 제출을 게을리 한 경우
호,4,심리 또는 감리 결과의 조치,6,공매도감시,제21조제5호,회원 및 그 임원·직원의 징계등의 사유,제21조,0,5,0,심리 또는 감리를 방해·불응하거나 위원회가 요청한 자료제출등을 거부하는 등 심리 또는 감리에 협조하지 아니한 경우
항,4,심리 또는 감리 결과의 조치,6,공매도감시,제22조제①항,회원에 대한 징계 등<개정 2009. 1. 28.>,제22조,①,0,0,"① 위원회는 회원이 제21조 각 호의 어느 하나에 해당하는 경우에는 다음 각 호의 어느 하나에 해당하는 징계를 할 수 있다.<개정 2007. 10. 12., 2009. 1. 28.>"
호,4,심리 또는 감리 결과의 조치,6,공매도감시,제22조제1호,회원에 대한 징계 등<개정 2009. 1. 28.>,제22조,①,1,0,제명
호,4,심리 또는 감리 결과의 조치,6,공매도감시,제22조제1의2호,회원에 대한 징계 등<개정 2009. 1. 28.>,제22조,①,1의2,0,6개월 이내의 회원자격의 전부 또는 일부의 정지
호,4,심리 또는 감리 결과의 조치,6,공매도감시,제22조제1의3호,회원에 대한 징계 등<개정 2009. 1. 28.>,제22조,①,1의3,0,6개월 이내의 거래의 전부 또는 일부의 정지
호,4,심리 또는 감리 결과의 조치,6,공매도감시,제22조제2호,회원에 대한 징계 등<개정 2009. 1. 28.>,제22조,①,2,0,"10억원 이하 1,000만원 이상의 회원제재금의 부과"
호,4,심리 또는 감리 결과의 조치,6,공매도감시,제22조제3호,회원에 대한 징계 등<개정 2009. 1. 28.>,제22조,①,3,0,경고
호,4,심리 또는 감리 결과의 조치,6,공매도감시,제22조제4호,회원에 대한 징계 등<개정 2009. 1. 28.>,제22조,①,4,0,주의
항,4,심리 또는 감리 결과의 조치,6,공매도감시,제22조제②항,회원에 대한 징계 등<개정 2009. 1. 28.>,제22조,②,0,0,"② 위원회는 거래참가자가 제21조 각 호 외의 부분 단서에 해당하는 경우에는 해당 다자간매매체결회사에 제1항제1호의2 또는 제1호의3에 해당하는 징계의 요구를 할 수 있다.<2007. 10. 12.,개정 2025. 2. 5.>"
항,4,심리 또는 감리 결과의 조치,6,공매도감시,제22조제③항,회원에 대한 징계 등<개정 2009. 1. 28.>,제22조,③,0,0,"③ 위원회는 제1항제2호의 규정에 의하여 회원제재금 부과를 받은 회원이 납부기한 내에 이를 이행하지 아니한 경우에는 납부기한의 다음날부터 납부한 날의 전일까지 미납한 회원제재금에 연 100분의 6을 적용하여 계산한 금액을 가산한다.<개정 2006. 11. 24.,2025. 2. 5.>"
항,4,심리 또는 감리 결과의 조치,6,공매도감시,제22조제④항,회원에 대한 징계 등<개정 2009. 1. 28.>,제22조,④,0,0,"④ 위원회는 회원의 위법·위규 또는 부당한 행위가 당해 회원의 내규 또는 그 운영에서 기인하거나 이를 원상회복시킬 필요가 있다고 인정하는 경우에는 당해 회원에 대하여 개선요구 또는 시정요구를 할 수 있으며, 회원에 대하여 기타 주의를 촉구하거나 위원회의 조치에 대한 이행확약서의 제출을 요구할 수 있다.<개정 2006. 11. 24.>"
항,4,심리 또는 감리 결과의 조치,6,공매도감시,제22조제⑤항,회원에 대한 징계 등<개정 2009. 1. 28.>,제22조,⑤,0,0,"⑤ 제1항 내지 제4항의 규정에 의한 징계, 조치요구 그 밖에 필요한 사항은 세칙으로 정한다."
항,4,심리 또는 감리 결과의 조치,6,공매도감시,제23조제①항,회원에 대한 임원·직원의 징계의 요구,제23조,①,0,0,"① 위원회는 회원의 임직원이 제21조 각 호의 어느 하나에 해당하는 경우에는 해당 회원에게 다음 각 호의 어느 하나에 해당하는 징계를 요구(이하 “징계요구”라 한다)를 할 수 있다.<개정 2006. 11. 24., 2009. 1. 28.>"
호,4,심리 또는 감리 결과의 조치,6,공매도감시,제23조제1호,회원에 대한 임원·직원의 징계의 요구,제23조,①,1,0,임원의 해임·직무정지·경고 또는 주의
호,4,심리 또는 감리 결과의 조치,6,공매도감시,제23조제2호,회원에 대한 임원·직원의 징계의 요구,제23조,①,2,0,직원의 면직·정직·감봉·견책·경고 또는 주의
항,4,심리 또는 감리 결과의 조치,6,공매도감시,제23조제②항,회원에 대한 임원·직원의 징계의 요구,제23조,②,0,0,② 제1항의 규정에 의한 징계요구에 관하여 필요한 사항은 세칙으로 정한다.
항,4,심리 또는 감리 결과의 조치,6,공매도감시,제24조제①항,징계등의 병과 및 공표,제24조,①,0,0,"① 위원회는 제22조제1항에 따른 징계, 같은 조 제2항에 따른 징계요구, 같은 조 제4항에 따른 조치요구 및 제23조제1항에 따른 징계요구를 병과할 수 있다.<개정 2006. 11. 24.,2025. 2. 5.>"
항,4,심리 또는 감리 결과의 조치,6,공매도감시,제24조제②항,징계등의 병과 및 공표,제24조,②,0,0,"② 위원회는 필요하다고 인정하는 경우에는 제22조제1항에 따른 징계, 같은 조 제2항에 따른 징계요구 또는 제23조제1항에 따른 징계요구의 내용을 공표할 수 있다.<개정 2025. 2. 5.>"
항,4,심리 또는 감리 결과의 조치,6,공매도감시,제24조제③항,징계등의 병과 및 공표,제24조,③,0,0,"③ 제1항의 규정에 의한 징계·조치요구 및 징계요구의 병과, 제2항의 규정에 의한 징계·징계요구의 내용의 공표 그 밖에 필요한 사항은 세칙으로 정한다.<개정 2006. 11. 24.>"
항,4,심리 또는 감리 결과의 조치,6,공매도감시,제25조제①항,규율위원회,제25조,①,0,0,"① 위원회는 심리 또는 감리의 결과에 따른 다음 각 호의 사항을 심의하기 위하여 규율위원회를 설치한다.<개정 2006. 11. 24., 2009. 1. 28.>"
호,4,심리 또는 감리 결과의 조치,6,공매도감시,제25조제1호,규율위원회,제25조,①,1,0,제22조제1항의 규정에 의한 징계
호,4,심리 또는 감리 결과의 조치,6,공매도감시,제25조제2호,규율위원회,제25조,①,2,0,제23조제1항의 규정에 의한 징계요구(경고 또는 주의의 요구는 제외한다)
항,4,심리 또는 감리 결과의 조치,6,공매도감시,제25조제②항,규율위원회,제25조,②,0,0,"② 규율위원회는 시장감시위원장(이하 “위원장”이라 한다)이 위촉하는 다음 각 호의 위원 7인으로 구성되며, 의장은 위원 중 위원장이 지명한다.<개정 2006. 11. 24., 2009. 1. 28.>"
호,4,심리 또는 감리 결과의 조치,6,공매도감시,제25조제1호,규율위원회,제25조,②,1,0,위원장이 지명하는 시장감시본부 소속 집행간부 1인
호,4,심리 또는 감리 결과의 조치,6,공매도감시,제25조제2호,규율위원회,제25조,②,2,0,증권·선물 또는 법률에 관한 전문지식과 경험이 풍부한 자 4인
호,4,심리 또는 감리 결과의 조치,6,공매도감시,제25조제3호,규율위원회,제25조,②,3,0,회원으로서 증권을 대상으로 금융투자업을 영위하는 투자매매업자 또는 투자중개업자의 상근 임원 1인
호,4,심리 또는 감리 결과의 조치,6,공매도감시,제25조제4호,규율위원회,제25조,②,4,0,회원으로서 장내파생상품을 대상으로 금융투자업을 영위하는 투자매매업자 또는 투자중개업자의 상근 임원 1인
항,4,심리 또는 감리 결과의 조치,6,공매도감시,제25조제③항,규율위원회,제25조,③,0,0,③ 규율위원회의 운영 그 밖에 필요한 사항은 세칙으로 정한다.
항,4,심리 또는 감리 결과의 조치,6,공매도감시,제26조제①항,사전통지,제26조,①,0,0,"① 위원회는 제22조제1항에 따른 징계 및 제23조에 따른 징계요구를 하려는 경우에는 관련 당사자등(징계등의 상대가 되는 당사자 또는 그 대리인을 말하며, 관련 임원·직원에 대한 조치의 경우에는 그 임원·직원 또는 그 대리인을 포함한다. 이하 같다)에게 위원회 회의일 10일전까지 다음 각 호의 사항을 통지하여야 한다.<개정 2009. 1. 28.>"
호,4,심리 또는 감리 결과의 조치,6,공매도감시,제26조제1호,사전통지,제26조,①,1,0,징계등의 제목
호,4,심리 또는 감리 결과의 조치,6,공매도감시,제26조제2호,사전통지,제26조,①,2,0,당사자의 성명 또는 명칭과 주소
호,4,심리 또는 감리 결과의 조치,6,공매도감시,제26조제3호,사전통지,제26조,①,3,0,징계등의 원인이 되는 사실과 징계등의 내용 및 근거
호,4,심리 또는 감리 결과의 조치,6,공매도감시,제26조제4호,사전통지,제26조,①,4,0,제3호에 대하여 의견을 진술할 수 있다는 뜻과 의견을 진술하지 아니하는 경우의 처리방법
호,4,심리 또는 감리 결과의 조치,6,공매도감시,제26조제5호,사전통지,제26조,①,5,0,의견진술기관의 명칭과 주소
호,4,심리 또는 감리 결과의 조치,6,공매도감시,제26조제6호,사전통지,제26조,①,6,0,의견진술 일시 및 장소
호,4,심리 또는 감리 결과의 조치,6,공매도감시,제26조제7호,사전통지,제26조,①,7,0,기타 필요한 사항
항,4,심리 또는 감리 결과의 조치,6,공매도감시,제26조제②항,사전통지,제26조,②,0,0,② 제1항의 규정에도 불구하고 당해 징계등의 성질상 의견청취가 현저히 곤란하거나 명백히 불필요하다고 인정될만한 상당한 이유가 있는 경우에는 사전통지를 아니할 수 있다. [전문개정 2006. 11. 24.]
항,4,심리 또는 감리 결과의 조치,6,공매도감시,제26조의2제①항,의견진술,제26조의2,①,0,0,① 당사자등은 위원회가 이 규정에 의한 제22조제1항에 따른 징계 및 제23조에 따른 징계요구를 하기 전에 구두 또는 서면에 의하여 의견을 진술할 수 있다.<개정 2009. 1. 28.>
항,4,심리 또는 감리 결과의 조치,6,공매도감시,제26조의2제②항,의견진술,제26조의2,②,0,0,② 당사자등이 의견진술의 기회를 포기한다는 뜻을 명백히 표시하거나 정당한 이유없이 의견진술을 하지 않는 경우에는 의견이 없는 것으로 본다. [본조신설 2006. 11. 24.]
항,4,심리 또는 감리 결과의 조치,6,공매도감시,제26조의3제①항,징계등의 고지,제26조의3,①,0,0,"① 위원회는 이 규정에 의한 징계등을 하는 경우에는 당사자등에게 그 근거와 이유를 제시하여야 하며, 이의신청을 청구할 수 있는지 여부 등 필요한 사항을 알려주어야 한다."
항,4,심리 또는 감리 결과의 조치,6,공매도감시,제26조의3제②항,징계등의 고지,제26조의3,②,0,0,② 위원회는 거래참가자에게 제22조제1항에 따른 징계 또는 같은 조 제4항에 따른 조치요구를 하는 경우에는 해당 다자간매매체결회사에 관련 사실을 통보할 수 있다.<신설 2025. 2. 5.> [본조신설 2006. 11. 24.]
항,4,심리 또는 감리 결과의 조치,6,공매도감시,제27조제①항,이의신청<개정 2006. 11. 24.>,제27조,①,0,0,① 제22조제1항에 따른 징계 및 제23조에 따른 징계요구를 받은 자는 제26조의3에 따른 고지를 받은 날부터 30일 이내에 위원회에 이의신청을 할 수 있다.<개정 2009. 1. 28.>
항,4,심리 또는 감리 결과의 조치,6,공매도감시,제27조제②항,이의신청<개정 2006. 11. 24.>,제27조,②,0,0,"② 위원회는 제1항의 규정에 의한 이의신청을 받은 때에는 특별한 사유가 없는 한 그 청구를 받은 날부터 30일 이내에 이를 처리하여야 한다. 다만, 부득이한 사정으로 그 기간 내에 결정할 수 없을 경우에는 30일의 범위안에서 그 기간을 연장할 수 있으며, 이 경우 연장사유, 처리예정기간 등을 서면으로 통지하여야 한다.<개정 2006. 11. 24.>"
항,4,심리 또는 감리 결과의 조치,6,공매도감시,제27조제③항,이의신청<개정 2006. 11. 24.>,제27조,③,0,0,③ 제1항의 이의신청에 의하여 처리된 사항에 대하여는 다시 이의신청을 할 수 없다.
항,4,심리 또는 감리 결과의 조치,6,공매도감시,제27조제④항,이의신청<개정 2006. 11. 24.>,제27조,④,0,0,④ 제1항의 이의신청에 관하여 필요한 사항은 세칙으로 정한다.
조,4,심리 또는 감리 결과의 조치,6,공매도감시,제27조의2,직권재심,제27조의2,0,0,0,위원회는 다음 각 호의 어느 하나에 해당하는 경우 직권으로 재심하여 조치를 취소하거나 변경할 수 있다.<개정 2009. 1. 28.>
호,4,심리 또는 감리 결과의 조치,6,공매도감시,제27조의2제1호,직권재심,제27조의2,0,1,0,법원의 확정판결이나 금융위원회·증권선물위원회의 무혐의처리 또는 직권재심 결과의 취지를 감안하여 징계등의 원인이 된 사실관계와 법률적 판단을 검토할 때 징계등이 위법 또는 부당하다고 인정되는 경우
호,4,심리 또는 감리 결과의 조치,6,공매도감시,제27조의2제2호,직권재심,제27조의2,0,2,0,증거서류의 오류·누락 또는 징계등의 원인이 된 사실관계에 반하는 새로운 증거의 발견 등으로 징계등이 위법 또는 부당하다고 인정되는 경우 [본조신설 2006. 11. 24.]
항,4,심리 또는 감리 결과의 조치,6,공매도감시,제28조제①항,약식제재금,제28조,①,0,0,① 위원회는 회원의 보고의무위반 기타 위규·부당행위 중 경미한 행위로서 신속한 처리가 필요하다고 인정하는 경우에는 200만원 이하의 약식제재금을 부과할 수 있다.<개정 2006. 11. 24.>
항,4,심리 또는 감리 결과의 조치,6,공매도감시,제28조제②항,약식제재금,제28조,②,0,0,② 위원회는 회원이 제1항의 약식제재금 부과에 응하지 아니하는 경우 또는 약식제재금을 납부하지 아니하거나 태만히 하는 경우에는 제22조 내지 제26조의 규정에 의하여 징계등을 할 수 있다.<개정 2006. 11. 24.>
항,4,심리 또는 감리 결과의 조치,6,공매도감시,제28조제③항,약식제재금,제28조,③,0,0,③ 제1항의 규정에 의한 약식제재금의 부과에 관하여 필요한 사항은 세칙으로 정한다.
조,5,보칙,6,공매도감시,제29조,권한의 위임,제29조,0,0,0,"위원회의 업무집행에 관한 다음 각 호의 사항은 위원장에게 위임한다.<개정 2006. 11. 24., 2007. 7. 20., 2009. 1. 28., 2015. 7. 8.>"
호,5,보칙,6,공매도감시,제29조제1호,권한의 위임,제29조,0,1,0,"제5조, 제5조의2, 제5조의3 및 제6조제1항·제3항·제4항의 규정에 의한 불공정거래의 예방활동에 관한 사항"
호,5,보칙,6,공매도감시,제29조제2호,권한의 위임,제29조,0,2,0,제6조제2항 및 제7조의 규정에 의한 보고의 접수
호,5,보칙,6,공매도감시,제29조제3호,권한의 위임,제29조,0,3,0,"제3장의 규정에 의한 시장감시, 심리, 감리 및 연계감시의 실시"
호,5,보칙,6,공매도감시,제29조제3의2호,권한의 위임,제29조,0,3의2,0,"제19조의2제3항에 따른 보고 접수, 제19조의3제1항에 따른 자료 제출 요구"
호,5,보칙,6,공매도감시,제29조제4호,권한의 위임,제29조,0,4,0,제20조의 규정에 의한 심리 또는 감리 결과의 보고 접수 및 금융위원회 또는 시장(다자간매매체결회사를 포함한다)에의 통보<개정 2025. 2. 5.>
호,5,보칙,6,공매도감시,제29조제5호,권한의 위임,제29조,0,5,0,제22조제3항의 규정에 의한 가산금부과 및 동조제4항의 규정에 의한 개선·시정요구 등의 조치
호,5,보칙,6,공매도감시,제29조제6호,권한의 위임,제29조,0,6,0,제23조제1항의 규정에 의한 경고 또는 주의의 요구
호,5,보칙,6,공매도감시,제29조제7호,권한의 위임,제29조,0,7,0,제26조제1항의 규정에 의한 사전통지 및 제26조의3의 규정에 의한 징계등의 고지
호,5,보칙,6,공매도감시,제29조제8호,권한의 위임,제29조,0,8,0,제28조제1항의 규정에 의한 약식제재금의 부과
호,5,보칙,6,공매도감시,제29조제9호,권한의 위임,제29조,0,9,0,위원회 결정사항의 집행
호,5,보칙,6,공매도감시,제29조제10호,권한의 위임,제29조,0,10,0,그 밖에 위원회가 긴급 또는 경미하여 위원장에게 위임할 필요가 있다고 인정하는 사항
조,5,보칙,6,공매도감시,제29조의2,의견수렴,제29조의2,0,0,0,이 규정(세칙을 포함한다)을 개정하려는 경우에는 세칙으로 정하는 바에 따라 이해관계자들의 의견수렴을 거쳐야 한다. [본조신설 2020. 4. 29.]
항,5,보칙,6,공매도감시,제30조제②항,시행세칙,제30조,②,0,0,"② (심리 또는 감리대상 종목 등에 관한 경과조치) 이 규정 시행전에 한국증권거래소의 업무규정 및 선물·옵션업무규정, 한국증권업협회의 협회중개시장업무규정과 한국선물거래소의 업무규정에 의하여 심리 또는 감리대상으로 선정된 종목·회원 등은 이 규정에 의하여 심리 또는 감리대상으로 선정된 것으로 본다."
항,5,보칙,6,공매도감시,제30조제③항,시행세칙,제30조,③,0,0,"③ (회원의 징계 등에 관한 경과조치) 이 규정 시행전의 위법·위규 또는 부당한 행위 등에 대한 징계 또는 조치의 내용에 대하여는 종전 한국증권거래소의 업무규정 및 선물·옵션업무규정, 한국증권업협회의 협회중개시장업무규정과 한국선물거래소의 업무규정에 의한다."
항,5,보칙,6,공매도감시,제30조제④항,시행세칙,제30조,④,0,0,"④ (회원의 보고 등에 관한 경과조치) 이 규정 시행전의 한국증권거래소의 업무규정 및 선물·옵션업무규정, 한국증권업협회의 협회중개시장업무규정과 한국선물거래소의 업무규정에 의한 회원의 보고, 회원에 대한 요구·요청, 불공정거래의 예방활동과 관련한 조치 등은 이 규정에 의한 것으로 본다."
항,5,보칙,6,공매도감시,제30조제⑤항,시행세칙,제30조,⑤,0,0,"⑤ (규율위원회에 관한 경과조치) 제25조제1항의 규정에 의한 규율위원회의 설치 전까지는 위원회의 심리 또는 감리결과에 따른 회원 및 그 임원·직원의 징계 또는 조치가 규율위원회 심의사항인 경우에는 동 위원회의 심의를 거친 것으로 본다. 부칙 <제203호, 2006. 11. 24.> 부칙내용 ① (시행일) 이 규정은 2006년 12월 1일부터 시행한다."
항,5,보칙,6,공매도감시,제30조제②항,시행세칙,제30조,②,0,0,"② (징계등의 병과에 관한 경과조치) 제24조제1항의 개정규정은 시행일 이후 발생한 위법·위규 또는 부당한 행위부터 적용한다. 부칙 <제269호, 2007. 7. 20.> 부칙내용 ① (시행일) 이 규정은 2007년 9월 3일부터 시행한다."
항,5,보칙,6,공매도감시,제30조제②항,시행세칙,제30조,②,0,0,② (투자주의종목 지정에 관한 경과조치) 이 규정 시행 당시 투자주의사항으로 공표된 종목은 제5조제3항의 개정규정에 따라 투자주의종목으로 지정된 것으로 본다.
항,5,보칙,6,공매도감시,제30조제③항,시행세칙,제30조,③,0,0,"③ (투자경고종목 지정에 관한 경과조치) 이 규정 시행 당시 유가증권시장업무규정 또는 코스닥시장업무규정에 따라 지정된 이상급등종목은 그 지정일부터 제5조의2제1항의 개정규정에 따라 투자경고종목으로 지정된 것으로 본다. 부칙 <제290호, 2007. 10. 12.> 부칙내용 ① (시행일) 이 규정은 2007년 11월 1일부터 시행한다."
항,5,보칙,6,공매도감시,제30조제②항,시행세칙,제30조,②,0,0,"② (회원에 대한 징계에 관한 적용례) 제22조제1항 및 제2항의 개정규정은 이 규정 시행 후 최초로 위원회에서 행하는 징계부터 적용한다. 부칙 <제364호, 2008. 9. 12.> 부칙내용 ① (시행일) 이 규정은 2008년 9월 16일부터 시행한다."
항,5,보칙,6,공매도감시,제30조제②항,시행세칙,제30조,②,0,0,"② (수탁 거부의 통지에 관한 적용례) 제6조제5항의 개정규정은 이 규정 시행 후 최초로 회원이 거부한 거래의 수탁부터 적용한다. 부칙 <제405호, 2009. 1. 28.> 부칙내용 이 규정은 2009년 2월 4일부터 시행한다. 부칙 <제815호, 2012. 3. 7.>"
조,5,보칙,6,공매도감시,제1조,시행일,제1조,0,0,0,이 규정은 2012년 3월 12일부터 시행한다.
항,5,보칙,6,공매도감시,제2조제①항,투자경고종목 또는 투자위험종목의 매매거래정지의 요청에 관한 적용례,제2조,①,0,0,① 제5조의3제3항의 개정규정은 이 규정 시행 후 제5조의3제1항 및 제2항의 개정규정에 따라 투자경고종목 또는 투자위험종목으로 지정되는 종목부터 적용한다.
항,5,보칙,6,공매도감시,제2조제②항,투자경고종목 또는 투자위험종목의 매매거래정지의 요청에 관한 적용례,제2조,②,0,0,"② 이 규정 시행이전의 매매거래일부터 기산하여 종전 규정 제5조의2제2항에 따라 투자위험종목으로 지정되는 경우 그 매매거래정지의 요청에 관하여는 종전 규정 제5조의2제3항에 따른다. 부칙 <제949호, 2013. 9. 13.> 부칙내용 이 규정은 2013년 9월 17일부터 시행한다. 부칙 <제1210호, 2015. 7. 8.> 부칙내용 이 규정은 2015년 7월 9일부터 시행한다. 부칙 <제1415호, 2017. 2. 8.> 부칙내용 이 규정은 전산프로그램 개발 소요기간 등을 감안하여 세칙에서 정하는 날부터 시행한다. 부칙 <제1821호, 2020. 4. 29.> 부칙내용 이 규정은 2020년 5월 8일부터 시행한다. 부칙 <제1925호, 2021. 3. 8.> 부칙내용 이 규정은 2021년 3월 15일부터 시행한다. 다만, 제19조의3조는 2021년 4월 6일부터 시행한다. 부칙 <제2281호, 2025. 2. 5.> 부칙내용 이 규정은 2025년 3월 4일부터 시행한다. 부칙 <제2305호, 2025. 3. 5.> 부칙내용 이 규정은 2025년 3월 31일부터 시행한다. 부칙 <제2323호, 2025. 4. 11.> 부칙내용 이 규정은 2025년 4월 23일부터 시행한다. 부칙 <제2349호, 2025. 7. 23.> 부칙내용 이 규정은 2025년 7월 28일부터 시행한다. 부칙 <제2371호, 2025. 10. 28.> 부칙내용 이 규정은 2025년 10월 28일부터 시행한다. 부칙 <제2392호, 2026. 1. 29.> 부칙내용 이 규정은 2026년 1월 29일부터 시행한다."
